Country name,Log GDP per capita
Luxembourg,11.607090909090909
Qatar,11.507599999999998
Singapore,11.328999999999999
Switzerland,11.0954
Ireland,11.064857142857145
United Arab Emirates,11.059692307692305
Norway,11.0391
Kuwait,10.974818181818181
United States,10.956066666666668
Hong Kong S.A.R. of China,10.888699999999998
